Workbook

Sheet Assumptions
A1: OCR Pricing Ceiling Model - Assumptions
A2: Blue cells are inputs. Everything on Comparison and Crossover is a formula driven from this sheet - change a value here and the whole model updates.
A4: Input | B4: Value | C4: Basis / source
A5: Benchmark volume - low | B5: 1000 | C5: The original table's first cost column.
A6: Benchmark volume - high | B6: 50000 | C6: The original table's second cost column.
A7: EUR/USD spot rate | B7: 1.1397 | C7: Spot on 27 Jul 2026 (tradingeconomics.com). The source sheet implied 1.25.
A8: SAR/USD peg | B8: 3.75 | C8: Saudi riyal pegged at 3.75/USD since 1986.
A9: Besser monthly fee (SAR) | B9: 5000 | C9: Source: user's direct email correspondence with Besser OCR.
A10: Compute-seconds per page | B10: 1 | C10: ASSUMPTION - not a vendor figure. Drives the 'Unlimited OCR' row only.
A11: Self-host GPU rate (USD/hr) | B11: 3.29 | C11: H100 80GB SXM5, RunPod Secure Cloud - the dearest mainstream tier, chosen as a ceiling. Community Cloud is ~$1.99/hr.
A12: Self-host throughput (pages/sec) | B12: 2 | C12: ASSUMPTION for dots.mocr. No throughput is published for it. Peer 3B model DeepSeek-OCR benchmarks at 4.65 pages/sec on an H100; 2.0 is a deliberately conservative ceiling.
A14: Besser fee in USD | B14: =B9/B8 -> 1333.3333 | C14: SAR fee / peg. Note: the source sheet used $1,333.00; the peg gives $1,333.33.
A15: Self-host cost per page | B15: =B11/(B12*3600) -> 0.00045694444 | C15: GPU hourly rate / (pages per second x 3600). Pure compute at 100% utilisation - excludes engineering time, idle capacity, storage, redundancy and retries.

Sheet Comparison
A1: OCR Pricing Ceiling Comparison
A2: Worst-case ceilings, not quoted prices. Sorted by cost at the high benchmark volume. Reviewed 27 Jul 2026.
A4: # | B4: Raw Model | C4: API Provider / Hosting Mode | D4: Pricing Model | E4: Rate | F4: Unit | G4: Tokens/Page | H4: Effective $/Page | I4: Cost @ 1,000 Pages | J4: Cost @ 50,000 Pages | K4: $/Page @ 1,000 | L4: $/Page @ 50,000 | M4: Source Confidence | N4: Review Note
A5: 1 | B5: GLM-OCR | C5: Z.ai / Alternative Premium Hosts | D5: Per-token | E5: 0.2 | F5: USD / 1M tokens | G5: 1500 | H5: =E5/1000000*G5 -> 0.0003 | I5: =H5*Assumptions!$B$5 -> 0.3 | J5: =H5*Assumptions!$B$6 -> 15 | K5: =I5/Assumptions!$B$5 -> 0.0003 | L5: =J5/Assumptions!$B$6 -> 0.0003 | M5: Unverified | N5: CORRECTED: source sheet said $3.00/$150 - a 10x arithmetic error against its own inputs. Z.ai's per-token rate for an OCR endpoint could not be confirmed from any published page.
A6: 2 | B6: dots.mocr (self-hosted) | C6: Own GPU - vLLM / SGLang (no API exists) | D6: Self-hosted GPU | E6: n/a | F6: derived from GPU hr | H6: =Assumptions!$B$15 -> 0.00045694444 | I6: =H6*Assumptions!$B$5 -> 0.45694444 | J6: =H6*Assumptions!$B$6 -> 22.847222 | K6: =I6/Assumptions!$B$5 -> 0.00045694444 | L6: =J6/Assumptions!$B$6 -> 0.00045694444 | M6: Self-hosted (no API) | N6: NOT AN API PRICE. HuggingFace states plainly: 'This model isn't deployed by any Inference Provider.' MIT-licensed 3B open weights (dots-studio/dots.mocr, rednote-hilab). The figure is rented-GPU compute from the Assumptions tab, not a rate anyone charges. Tops olmOCR-Bench at 83.9 and leads OmniDocBench v1.5 text-edit at 0.031.
A7: 3 | B7: PaddleOCR-VL-1.6 (Token Standard) | C7: Novita AI / Fireworks AI (Surge Rate) | D7: Per-token | E7: 0.1 | F7: USD / 1M tokens | G7: 5000 | H7: =E7/1000000*G7 -> 0.0005 | I7: =H7*Assumptions!$B$5 -> 0.5 | J7: =H7*Assumptions!$B$6 -> 25 | K7: =I7/Assumptions!$B$5 -> 0.0005 | L7: =J7/Assumptions!$B$6 -> 0.0005 | M7: Rate disputed | N7: Arithmetic OK. But Fireworks and Novita both list this model 'Serverless: Not supported' (on-demand GPU only), so neither publishes a per-token rate. Aggregators quote Novita at ~$0.02/1M - 5x below this ceiling.
A8: 4 | B8: DeepSeek OCR 2 | C8: SiliconFlow / Official API (Peak Pricing) | D8: Per-token | E8: 0.5 | F8: USD / 1M tokens | G8: 1120 | H8: =E8/1000000*G8 -> 0.00056 | I8: =H8*Assumptions!$B$5 -> 0.56 | J8: =H8*Assumptions!$B$6 -> 28 | K8: =I8/Assumptions!$B$5 -> 0.00056 | L8: =J8/Assumptions!$B$6 -> 0.00056 | M8: Rate disputed | N8: CORRECTED: source sheet said $2.80/$140 - a 5x arithmetic error. Rate is also ~16x published: DeepSeek-OCR is free on SiliconFlow and ~$0.03/1M on DeepInfra. No public model named 'DeepSeek OCR 2' was found.
A9: 5 | B9: Unlimited OCR (Serverless) | C9: Managed Third-Party (Unoptimized A100 node) | D9: Compute-time | E9: 0.001 | F9: USD / compute-sec | H9: =E9*Assumptions!$B$10 -> 0.001 | I9: =H9*Assumptions!$B$5 -> 1 | J9: =H9*Assumptions!$B$6 -> 50 | K9: =I9/Assumptions!$B$5 -> 0.001 | L9: =J9/Assumptions!$B$6 -> 0.001 | M9: Unverified | N9: Arithmetic OK but the whole row rests on the 1 compute-second/page assumption on the Assumptions tab. No identifiable vendor.
A10: 6 | B10: PaddleOCR-VL-1.6 (Token Dense) | C10: Novita AI / Fireworks AI (Surge Rate) | D10: Per-token | E10: 0.1 | F10: USD / 1M tokens | G10: 18000 | H10: =E10/1000000*G10 -> 0.0018 | I10: =H10*Assumptions!$B$5 -> 1.8 | J10: =H10*Assumptions!$B$6 -> 90 | K10: =I10/Assumptions!$B$5 -> 0.0018 | L10: =J10/Assumptions!$B$6 -> 0.0018 | M10: Rate disputed | N10: Arithmetic OK. Same serverless caveat. Also note 18,000 tokens/page exceeds Novita's 16,384 context window for this model, so this scenario is not reachable on that host.
A11: 7 | B11: PaddleOCR-VL-1.6 (Flat Page) | C11: Premium Boutique API Wrappers | D11: Per-page | E11: 0.002 | F11: USD / page | H11: =E11 -> 0.002 | I11: =H11*Assumptions!$B$5 -> 2 | J11: =H11*Assumptions!$B$6 -> 100 | K11: =I11/Assumptions!$B$5 -> 0.002 | L11: =J11/Assumptions!$B$6 -> 0.002 | M11: Unverified | N11: Arithmetic OK. No named vendor, so the rate cannot be checked against anything.
A12: 8 | B12: FastOCR | C12: Developer API (Asynchronous Flow) | D12: Per-page (assumed) | E12: 0.002 | F12: USD / page | H12: =E12 -> 0.002 | I12: =H12*Assumptions!$B$5 -> 2 | J12: =H12*Assumptions!$B$6 -> 100 | K12: =I12/Assumptions!$B$5 -> 0.002 | L12: =J12/Assumptions!$B$6 -> 0.002 | M12: Unverified | N12: The $2.00 is an assumption, not a quote - and a custom business tier is precisely what does not scale linearly at 50x. The public FastOCR is a consumer tool at $3.99-$10.99/mo with monthly page allowances.
A13: 9 | B13: Mistral OCR 4 (Batch API) | C13: Mistral Studio / Batch endpoint | D13: Per-page | E13: 0.002 | F13: USD / page | H13: =E13 -> 0.002 | I13: =H13*Assumptions!$B$5 -> 2 | J13: =H13*Assumptions!$B$6 -> 100 | K13: =I13/Assumptions!$B$5 -> 0.002 | L13: =J13/Assumptions!$B$6 -> 0.002 | M13: Verified (vendor) | N13: $4/1,000 pages less the standard 50% Batch-API discount = $2/1,000. Source: mistral.ai/pricing/api and the OCR 4 launch post, 23 Jun 2026. Model string mistral-ocr-4-0.
A14: 10 | B14: LightOnOCR-2-1B | C14: LightOn Platform (FX Rate Fluctuations) | D14: Per-page | E14: 0.002 | F14: EUR / page | H14: =E14*Assumptions!$B$7 -> 0.0022794 | I14: =H14*Assumptions!$B$5 -> 2.2794 | J14: =H14*Assumptions!$B$6 -> 113.97 | K14: =I14/Assumptions!$B$5 -> 0.0022794 | L14: =J14/Assumptions!$B$6 -> 0.0022794 | M14: Verified | N14: CORRECTED FX: source sheet converted EUR 0.0020 at 1.25. Spot was 1.1397 on 27 Jul 2026, giving $2.28 not $2.50. Keep 1.25 only if you intend a deliberate FX stress ceiling, and label it as one.
A15: 11 | B15: Mistral OCR 4 (Standard API) | C15: Mistral Studio / Sync endpoint | D15: Per-page | E15: 0.004 | F15: USD / page | H15: =E15 -> 0.004 | I15: =H15*Assumptions!$B$5 -> 4 | J15: =H15*Assumptions!$B$6 -> 200 | K15: =I15/Assumptions!$B$5 -> 0.004 | L15: =J15/Assumptions!$B$6 -> 0.004 | M15: Verified (vendor) | N15: $4 per 1,000 pages, list. Source: mistral.ai/pricing/api. Returns bounding boxes, block classification and per-word confidence scores; 170 languages; self-hosting available to enterprise.
A16: 12 | B16: MinerU Extractor | C16: OpenDataLab (Paid SLA / Over-quota Priority) | D16: Per-page | E16: 0.005 | F16: USD / page | H16: =E16 -> 0.005 | I16: =H16*Assumptions!$B$5 -> 5 | J16: =H16*Assumptions!$B$6 -> 250 | K16: =I16/Assumptions!$B$5 -> 0.005 | L16: =J16/Assumptions!$B$6 -> 0.005 | M16: Unverified | N16: Arithmetic OK. MinerU documents a 2,000-page/day high-priority quota with degraded priority beyond it, but publishes no paid per-page rate.
A17: 13 | B17: Mistral Document AI | C17: Mistral Studio (OCR 4 + schema pass) | D17: Per-page | E17: 0.005 | F17: USD / page | H17: =E17 -> 0.005 | I17: =H17*Assumptions!$B$5 -> 5 | J17: =H17*Assumptions!$B$6 -> 250 | K17: =I17/Assumptions!$B$5 -> 0.005 | L17: =J17/Assumptions!$B$6 -> 0.005 | M17: Verified (vendor) | N17: $5 per 1,000 pages. Wraps OCR 4 with a mistral-small-2603 call that reshapes output to a JSON schema you define. Source: mistral.ai/pricing/api. The Agent API 'Libraries' tool prices OCR separately at $3/1K pages.
A18: 14 | B18: Surya 2 OCR (Balanced) | C18: Dedicated Replicate Deployment (Low Volume) | D18: Per-page (derived) | E18: 0.01 | F18: USD / page | H18: =E18 -> 0.01 | I18: =H18*Assumptions!$B$5 -> 10 | J18: =H18*Assumptions!$B$6 -> 500 | K18: =I18/Assumptions!$B$5 -> 0.01 | L18: =J18/Assumptions!$B$6 -> 0.01 | M18: Derived | N18: Replicate dedicated deployments bill per GPU-second, not per page. This is an effective rate at an unstated throughput assumption - state the pages/sec it implies.
A19: 15 | B19: Chandra 2 OCR (Structured) | C19: Dedicated Replicate Deployment (Low Volume) | D19: Per-page (derived) | E19: 0.015 | F19: USD / page | H19: =E19 -> 0.015 | I19: =H19*Assumptions!$B$5 -> 15 | J19: =H19*Assumptions!$B$6 -> 750 | K19: =I19/Assumptions!$B$5 -> 0.015 | L19: =J19/Assumptions!$B$6 -> 0.015 | M19: Derived | N19: Same GPU-second caveat as Surya. Datalab's own hosted pricing page did not render for confirmation.
A20: 16 | B20: Besser OCR | C20: Web / API Portal Ingestion Dashboard | D20: Flat subscription | E20: 5000 | F20: SAR / month | H20: =Assumptions!$B$14/Assumptions!$B$6 -> 0.026666667 | I20: =Assumptions!$B$14 -> 1333.3333 | J20: =Assumptions!$B$14 -> 1333.3333 | K20: =I20/Assumptions!$B$5 -> 1.3333333 | L20: =J20/Assumptions!$B$6 -> 0.026666667 | M20: Verified (vendor email) | N20: Confirmed by the user via direct correspondence with the vendor. Flat monthly fee, so cost does not scale with volume - see the Crossover tab for the volume at which it starts to win.
B22: Verified metered floor (API) | I22: =_xlfn.MINIFS(I5:I20,$M$5:$M$20,"Verified (vendor)") -> 2 | N22: Cheapest rate here traceable to a vendor's own published pricing page.
B23: API rows priced below that floor | I23: =COUNTIFS(I5:I20,"<"&I22,$D$5:$D$20,"<>Self-hosted GPU") -> 5 | N23: Every one is rated Unverified or Rate disputed - the cheap end of the table is its least trustworthy part.
B24: Spread, cheapest to dearest metered | I24: =_xlfn.MAXIFS(J5:J20,$D$5:$D$20,"<>Flat subscription")/MIN(J5:J20) -> 50
B25: Vendor-verified rows | I25: =COUNTIF(M5:M20,"Verified*")&" of "&COUNTA(M5:M20) -> 5 of 16

Sheet Crossover
A1: Besser OCR flat fee - break-even volume
A2: Besser is a flat monthly subscription, so its cost per page falls as volume rises. Below each threshold the metered option is cheaper; above it, Besser is.
A4: Metered option | B4: $/Page | C4: Pages/month where Besser breaks even | D4: Besser cheaper at 50,000 pages?
A5: Chandra 2 OCR (Structured) | B5: =Comparison!H19 -> 0.015 | C5: =Assumptions!$B$14/B5 -> 88888.889 | D5: =IF(Assumptions!$B$6>C5,"Yes","No") -> No
A6: Surya 2 OCR (Balanced) | B6: =Comparison!H18 -> 0.01 | C6: =Assumptions!$B$14/B6 -> 133333.33 | D6: =IF(Assumptions!$B$6>C6,"Yes","No") -> No
A7: MinerU Extractor | B7: =Comparison!H16 -> 0.005 | C7: =Assumptions!$B$14/B7 -> 266666.67 | D7: =IF(Assumptions!$B$6>C7,"Yes","No") -> No
A8: Mistral Document AI | B8: =Comparison!H17 -> 0.005 | C8: =Assumptions!$B$14/B8 -> 266666.67 | D8: =IF(Assumptions!$B$6>C8,"Yes","No") -> No
A9: Mistral OCR 4 (Standard API) | B9: =Comparison!H15 -> 0.004 | C9: =Assumptions!$B$14/B9 -> 333333.33 | D9: =IF(Assumptions!$B$6>C9,"Yes","No") -> No
A10: LightOnOCR-2-1B | B10: =Comparison!H14 -> 0.0022794 | C10: =Assumptions!$B$14/B10 -> 584949.26 | D10: =IF(Assumptions!$B$6>C10,"Yes","No") -> No
A11: PaddleOCR-VL-1.6 (Flat Page) | B11: =Comparison!H11 -> 0.002 | C11: =Assumptions!$B$14/B11 -> 666666.67 | D11: =IF(Assumptions!$B$6>C11,"Yes","No") -> No
A12: FastOCR | B12: =Comparison!H12 -> 0.002 | C12: =Assumptions!$B$14/B12 -> 666666.67 | D12: =IF(Assumptions!$B$6>C12,"Yes","No") -> No
A13: Mistral OCR 4 (Batch API) | B13: =Comparison!H13 -> 0.002 | C13: =Assumptions!$B$14/B13 -> 666666.67 | D13: =IF(Assumptions!$B$6>C13,"Yes","No") -> No
A14: PaddleOCR-VL-1.6 (Token Dense) | B14: =Comparison!H10 -> 0.0018 | C14: =Assumptions!$B$14/B14 -> 740740.74 | D14: =IF(Assumptions!$B$6>C14,"Yes","No") -> No
A15: Unlimited OCR (Serverless) | B15: =Comparison!H9 -> 0.001 | C15: =Assumptions!$B$14/B15 -> 1333333.3 | D15: =IF(Assumptions!$B$6>C15,"Yes","No") -> No
A16: DeepSeek OCR 2 | B16: =Comparison!H8 -> 0.00056 | C16: =Assumptions!$B$14/B16 -> 2380952.4 | D16: =IF(Assumptions!$B$6>C16,"Yes","No") -> No
A17: PaddleOCR-VL-1.6 (Token Standard) | B17: =Comparison!H7 -> 0.0005 | C17: =Assumptions!$B$14/B17 -> 2666666.7 | D17: =IF(Assumptions!$B$6>C17,"Yes","No") -> No
A18: dots.mocr (self-hosted) | B18: =Comparison!H6 -> 0.00045694444 | C18: =Assumptions!$B$14/B18 -> 2917933.1 | D18: =IF(Assumptions!$B$6>C18,"Yes","No") -> No
A19: GLM-OCR | B19: =Comparison!H5 -> 0.0003 | C19: =Assumptions!$B$14/B19 -> 4444444.4 | D19: =IF(Assumptions!$B$6>C19,"Yes","No") -> No
A21: At the 50,000-page benchmark Besser costs $0.0267/page - the most expensive option in the table.

Sheet Corrections & Method
A1: Corrections applied to the source sheet
A3: Row | B3: Field | C3: Was | D3: Now | E3: Why
A4: DeepSeek OCR 2 | B4: Cost per 1,000 / 50,000 pages | C4: $2.80 / $140.00 | D4: $0.56 / $28.00 | E4: 1,120 tokens x $0.50/1M = $0.00056/page. The stated cost was 5x the sheet's own inputs.
A5: GLM-OCR | B5: Cost per 1,000 / 50,000 pages | C5: $3.00 / $150.00 | D5: $0.30 / $15.00 | E5: 1,500 tokens x $0.20/1M = $0.00030/page. The stated cost was 10x the sheet's own inputs.
A6: LightOnOCR-2-1B | B6: EUR to USD conversion | C6: ~$0.00250/page (implied 1.25) | D6: $0.00228/page (1.1397) | E6: EUR/USD spot was 1.1397 on 27 Jul 2026. A 1.25 rate overstates by ~10% unless intended as an FX stress ceiling.
A7: Besser OCR | B7: SAR to USD conversion | C7: $1,333.00 | D7: $1,333.33 | E7: SAR 5,000 at the 3.75 peg. Minor - keep yours if Besser quoted USD directly.
A8: (added) | B8: Mistral OCR 4 x3 | C8: not present | D8: $2.00 / $4.00 / $5.00 per 1,000 pages | E8: Standard API, Batch API and Document AI tiers, read straight from mistral.ai/pricing/api.
A9: (added) | B9: dots.mocr | C9: not present | D9: $0.46 per 1,000 pages (derived) | E9: Requested addition. It has no API and no inference provider, so it cannot carry a price - the figure is rented-GPU compute at the Assumptions-tab rate and throughput. Treat it as a build-cost estimate, not a quote.
A12: Confidence ratings
A13: Verified (vendor) | B13: Rate read directly from the vendor's own published pricing page.
A14: Verified (vendor email) | B14: Rate supplied by the user from direct correspondence with the vendor.
A15: Verified | B15: Rate confirmed, with an input (e.g. FX) corrected to a sourced value.
A16: Self-hosted (no API) | B16: No hosted API exists at any price. The figure is your own infrastructure cost, and moves entirely with the GPU rate and throughput on the Assumptions tab.
A17: Derived | B17: Vendor bills on a different unit (GPU-seconds); the per-page figure rests on an unstated throughput assumption.
A18: Rate disputed | B18: A published rate exists and the ceiling used here sits materially above it.
A19: Unverified | B19: No published source found for the rate, or no identifiable vendor.
